,2018,2024,total,2018_relative,2024_relative,relative_diff
fonksiyon,57,158,215,0.033197437390797904,0.042200854700854704,0.0090034173100568
ver,77,19,96,0.0448456610366919,0.005074786324786325,-0.039770874711905574
problem,26,66,92,0.015142690739662202,0.017628205128205128,0.0024855143885429264
kullan,10,63,73,0.005824111822947,0.016826923076923076,0.011002811253976076
ger칞ek,32,37,69,0.018637157833430402,0.009882478632478632,-0.00875467920095177
belirle,2,64,66,0.0011648223645894002,0.017094017094017096,0.015929194729427696
yer,55,8,63,0.0320326150262085,0.002136752136752137,-0.029895862889456365
칞칬z칲m,6,56,62,0.0034944670937682005,0.014957264957264958,0.011462797863496757
fark,12,49,61,0.006988934187536401,0.013087606837606838,0.006098672650070437
grafik,33,26,59,0.0192195690157251,0.006944444444444444,-0.012275124571280657
ara,14,44,58,0.008153756552125802,0.011752136752136752,0.0035983802000109505
ili륾in,1,54,55,0.0005824111822947001,0.014423076923076924,0.013840665740782224
nokta,25,29,54,0.014560279557367502,0.007745726495726496,-0.006814553061641006
tan캼m,6,47,53,0.0034944670937682005,0.012553418803418804,0.009058951709650603
say캼,17,36,53,0.009900990099009901,0.009615384615384616,-0.0002856054836252852
칲칞gen,28,21,49,0.016307513104251603,0.005608974358974359,-0.010698538745277243
varsay캼m,0,49,49,0.0,0.013087606837606838,0.013087606837606838
durum,8,41,49,0.004659289458357601,0.0109508547008547,0.0062915652424970995
temsil,4,44,48,0.0023296447291788003,0.011752136752136752,0.009422492022957953
matematiksel,0,45,45,0.0,0.01201923076923077,0.01201923076923077
ili륾i,13,32,45,0.007571345369831101,0.008547008547008548,0.0009756631771774471
cebirsel,5,40,45,0.0029120559114735,0.010683760683760684,0.007771704772287184
strateji,2,41,43,0.0011648223645894002,0.0109508547008547,0.0097860323362653
a칞캼,19,21,40,0.0110658124635993,0.005608974358974359,-0.005456838104624942
ifade,13,27,40,0.007571345369831101,0.007211538461538462,-0.00035980690829263886
ara릆캼r,0,39,39,0.0,0.010416666666666666,0.010416666666666666
칲zer,23,15,38,0.013395457192778102,0.004006410256410256,-0.009389046936367846
칬renci,0,38,38,0.0,0.01014957264957265,0.01014957264957265
kenar,24,12,36,0.013977868375072802,0.003205128205128205,-0.010772740169944596
dik,9,26,35,0.0052417006406523005,0.006944444444444444,0.0017027438037921436
incele,7,27,34,0.004076878276062901,0.007211538461538462,0.003134660185475561
k칲me,18,15,33,0.010483401281304601,0.004006410256410256,-0.006476991024894345
veri,5,28,33,0.0029120559114735,0.007478632478632479,0.004566576567158979
nitel,0,33,33,0.0,0.008814102564102564,0.008814102564102564
른kil,2,31,33,0.0011648223645894002,0.00827991452991453,0.00711509216532513
yap,11,22,33,0.0064065230052417,0.005876068376068376,-0.0005304546291733242
de른r,13,20,33,0.007571345369831101,0.005341880341880342,-0.002229465027950759
칞al캼,12,19,31,0.006988934187536401,0.005074786324786325,-0.001914147862750076
yararlan,24,5,29,0.013977868375072802,0.0013354700854700855,-0.012642398289602716
olu,6,22,28,0.0034944670937682005,0.005876068376068376,0.0023816012823001755
denklem,13,14,27,0.007571345369831101,0.0037393162393162395,-0.0038320291305148613
dayal캼,0,27,27,0.0,0.007211538461538462,0.007211538461538462
ileti를m,27,0,27,0.0157251019219569,0.0,-0.0157251019219569
hayat(i),26,1,27,0.015142690739662202,0.0002670940170940171,-0.014875596722568184
kavram,24,2,26,0.013977868375072802,0.0005341880341880342,-0.013443680340884768
de를륾en,3,23,26,0.0017472335468841002,0.006143162393162393,0.004395928846278293
doru,8,17,25,0.004659289458357601,0.004540598290598291,-0.00011869116775930968
teknoloji,25,0,25,0.014560279557367502,0.0,-0.014560279557367502
t칲rev,7,18,25,0.004076878276062901,0.004807692307692308,0.0007308140316294072
trigonometrik,7,18,25,0.004076878276062901,0.004807692307692308,0.0007308140316294072
kar캼la,0,25,25,0.0,0.006677350427350427,0.006677350427350427
oran,11,14,25,0.0064065230052417,0.0037393162393162395,-0.0026672067659254607
칬r칲nt칲,0,24,24,0.0,0.00641025641025641,0.00641025641025641
genelle,0,24,24,0.0,0.00641025641025641,0.00641025641025641
f(x,3,21,24,0.0017472335468841002,0.005608974358974359,0.0038617408120902585
polinom,9,15,24,0.0052417006406523005,0.004006410256410256,-0.0012352903842420444
referans,0,24,24,0.0,0.00641025641025641,0.00641025641025641
ba륿am,3,20,23,0.0017472335468841002,0.005341880341880342,0.0035946467949962415
bilgi,13,10,23,0.007571345369831101,0.002670940170940171,-0.00490040519889093
uygun,2,21,23,0.0011648223645894002,0.005608974358974359,0.004444151994384958
hareket,1,21,22,0.0005824111822947001,0.005608974358974359,0.005026563176679659
칬ner,1,21,22,0.0005824111822947001,0.005608974358974359,0.005026563176679659
i륿em,7,15,22,0.004076878276062901,0.004006410256410256,-7.046801965264471e-05
de른rlen,0,21,21,0.0,0.005608974358974359,0.005608974358974359
dorusal,1,20,21,0.0005824111822947001,0.005341880341880342,0.004759469159585642
y칬nelik,0,20,20,0.0,0.005341880341880342,0.005341880341880342
칞캼kar캼m,0,20,20,0.0,0.005341880341880342,0.005341880341880342
toplam,10,10,20,0.005824111822947,0.002670940170940171,-0.0031531716520068294
y칬ntem,3,16,19,0.0017472335468841002,0.004273504273504274,0.0025262707266201735
par칞a,8,11,19,0.004659289458357601,0.002938034188034188,-0.0017212552703234126
i칞er,4,15,19,0.0023296447291788003,0.004006410256410256,0.0016767655272314557
olu릆ur,1,18,19,0.0005824111822947001,0.004807692307692308,0.004225281125397608
s칬zel,1,18,19,0.0005824111822947001,0.004807692307692308,0.004225281125397608
칬nerme,1,18,19,0.0005824111822947001,0.004807692307692308,0.004225281125397608
limit,3,16,19,0.0017472335468841002,0.004273504273504274,0.0025262707266201735
kontrol,0,19,19,0.0,0.005074786324786325,0.005074786324786325
bulun,9,9,18,0.0052417006406523005,0.002403846153846154,-0.0028378544868061465
alan,15,3,18,0.008736167734420501,0.0008012820512820513,-0.00793488568313845
bile른n,1,16,17,0.0005824111822947001,0.004273504273504274,0.003691093091209574
soru,1,16,17,0.0005824111822947001,0.004273504273504274,0.003691093091209574
terim,6,10,16,0.0034944670937682005,0.002670940170940171,-0.0008235269228280295
d칬rtgen,7,9,16,0.004076878276062901,0.002403846153846154,-0.0016730321222167468
yard캼m,14,2,16,0.008153756552125802,0.0005341880341880342,-0.0076195685179377675
olay,7,9,16,0.004076878276062901,0.002403846153846154,-0.0016730321222167468
istatistiksel,0,16,16,0.0,0.004273504273504274,0.004273504273504274
g(x,0,16,16,0.0,0.004273504273504274,0.004273504273504274
ula,0,16,16,0.0,0.004273504273504274,0.004273504273504274
teorem,6,10,16,0.0034944670937682005,0.002670940170940171,-0.0008235269228280295
olas캼,3,12,15,0.0017472335468841002,0.003205128205128205,0.0014578946582441048
sun,0,15,15,0.0,0.004006410256410256,0.004006410256410256
sa륿a,1,14,15,0.0005824111822947001,0.0037393162393162395,0.003156905057021539
genel,0,15,15,0.0,0.004006410256410256,0.004006410256410256
ispat,0,14,14,0.0,0.0037393162393162395,0.0037393162393162395
grafiksel,1,13,14,0.0005824111822947001,0.003472222222222222,0.002889811039927522
칞ember,11,3,14,0.0064065230052417,0.0008012820512820513,-0.005605240953959649
칞캼kt캼,0,14,14,0.0,0.0037393162393162395,0.0037393162393162395
s칲re칞,1,13,14,0.0005824111822947001,0.003472222222222222,0.002889811039927522
benze,2,12,14,0.0011648223645894002,0.003205128205128205,0.002040305840538805
g칬ster,9,5,14,0.0052417006406523005,0.0013354700854700855,-0.003906230555182215
dizi,0,13,13,0.0,0.003472222222222222,0.003472222222222222
tablo,5,8,13,0.0029120559114735,0.002136752136752137,-0.0007753037747213632
yorumla,3,10,13,0.0017472335468841002,0.002670940170940171,0.0009237066240560708
uzunluk,13,0,13,0.007571345369831101,0.0,-0.007571345369831101
simetri,5,8,13,0.0029120559114735,0.002136752136752137,-0.0007753037747213632
bile륾e,2,11,13,0.0011648223645894002,0.002938034188034188,0.0017732118234447878
dur,12,1,13,0.006988934187536401,0.0002670940170940171,-0.006721840170442384
k칙캼d,0,12,12,0.0,0.003205128205128205,0.003205128205128205
al캼n,7,5,12,0.004076878276062901,0.0013354700854700855,-0.0027414081905928153
칬dev,0,12,12,0.0,0.003205128205128205,0.003205128205128205
칞okgen,3,9,12,0.0017472335468841002,0.002403846153846154,0.0006566126069620537
칞arpan,7,5,12,0.004076878276062901,0.0013354700854700855,-0.0027414081905928153
uygulama,9,3,12,0.0052417006406523005,0.0008012820512820513,-0.0044404185893702494
칞iz,11,1,12,0.0064065230052417,0.0002670940170940171,-0.006139428988147683
hat캼rlat,10,2,12,0.005824111822947,0.0005341880341880342,-0.005289923788758966
algoritma,0,12,12,0.0,0.003205128205128205,0.003205128205128205
d칬n칲칲m,1,11,12,0.0005824111822947001,0.002938034188034188,0.002355623005739488
performans,0,11,11,0.0,0.002938034188034188,0.002938034188034188
g칬rev,0,11,11,0.0,0.002938034188034188,0.002938034188034188
karesel,0,11,11,0.0,0.002938034188034188,0.002938034188034188
kategorik,0,11,11,0.0,0.002938034188034188,0.002938034188034188
derece,7,4,11,0.004076878276062901,0.0010683760683760685,-0.0030085022076868323
geometrik,0,11,11,0.0,0.002938034188034188,0.002938034188034188
yap캼,0,11,11,0.0,0.002938034188034188,0.002938034188034188
de를를m,4,7,11,0.0023296447291788003,0.0018696581196581197,-0.0004599866095206806
ko릇l,1,10,11,0.0005824111822947001,0.002670940170940171,0.002088528988645471
ili륾ilendir,9,2,11,0.0052417006406523005,0.0005341880341880342,-0.0047075126064642665
ya르m,0,11,11,0.0,0.002938034188034188,0.002938034188034188
d캼,8,2,10,0.004659289458357601,0.0005341880341880342,-0.004125101424169567
belirli,0,10,10,0.0,0.002670940170940171,0.002670940170940171
eleman,5,5,10,0.0029120559114735,0.0013354700854700855,-0.0015765858260034147
edil,0,10,10,0.0,0.002670940170940171,0.002670940170940171
a칞캼k,5,5,10,0.0029120559114735,0.0013354700854700855,-0.0015765858260034147
dairesel,0,10,10,0.0,0.002670940170940171,0.002670940170940171
gerek,3,7,10,0.0017472335468841002,0.0018696581196581197,0.0001224245727740195
se칞,2,8,10,0.0011648223645894002,0.002136752136752137,0.0009719297721627368
de른rlendir,0,10,10,0.0,0.002670940170940171,0.002670940170940171
e를tsizlik,2,8,10,0.0011648223645894002,0.002136752136752137,0.0009719297721627368
dorula,0,10,10,0.0,0.002670940170940171,0.002670940170940171
k칬른gen,2,8,10,0.0011648223645894002,0.002136752136752137,0.0009719297721627368
topla,2,8,10,0.0011648223645894002,0.002136752136752137,0.0009719297721627368
rasyonel,2,8,10,0.0011648223645894002,0.002136752136752137,0.0009719297721627368
te른t,4,5,9,0.0023296447291788003,0.0013354700854700855,-0.0009941746437087148
dil,0,9,9,0.0,0.002403846153846154,0.002403846153846154
orta,4,5,9,0.0023296447291788003,0.0013354700854700855,-0.0009941746437087148
civar,0,9,9,0.0,0.002403846153846154,0.002403846153846154
karek칬k,0,9,9,0.0,0.002403846153846154,0.002403846153846154
katsay캼,4,5,9,0.0023296447291788003,0.0013354700854700855,-0.0009941746437087148
fazla,5,4,9,0.0029120559114735,0.0010683760683760685,-0.0018436798430974317
g칬sterim,4,5,9,0.0023296447291788003,0.0013354700854700855,-0.0009941746437087148
say,2,7,9,0.0011648223645894002,0.0018696581196581197,0.0007048357550687196
sonu칞,0,9,9,0.0,0.002403846153846154,0.002403846153846154
temel,3,6,9,0.0017472335468841002,0.0016025641025641025,-0.00014466944431999773
nicel,0,9,9,0.0,0.002403846153846154,0.002403846153846154
hesapla,6,3,9,0.0034944670937682005,0.0008012820512820513,-0.002693185042486149
iste,0,9,9,0.0,0.002403846153846154,0.002403846153846154
e를m,3,6,9,0.0017472335468841002,0.0016025641025641025,-0.00014466944431999773
g칬z,0,9,9,0.0,0.002403846153846154,0.002403846153846154
s캼f캼r,2,6,8,0.0011648223645894002,0.0016025641025641025,0.00043774173797470235
yarar,1,7,8,0.0005824111822947001,0.0018696581196581197,0.0012872469373634197
ara칞,0,8,8,0.0,0.002136752136752137,0.002136752136752137
do르l,1,7,8,0.0005824111822947001,0.0018696581196581197,0.0012872469373634197
kar캼la,1,7,8,0.0005824111822947001,0.0018696581196581197,0.0012872469373634197
kural,5,3,8,0.0029120559114735,0.0008012820512820513,-0.002110773860191449
kiri,3,5,8,0.0017472335468841002,0.0013354700854700855,-0.00041176346141401474
ba,0,8,8,0.0,0.002136752136752137,0.002136752136752137
e를t,6,2,8,0.0034944670937682005,0.0005341880341880342,-0.002960279059580166
g칬r칲nt칲,1,7,8,0.0005824111822947001,0.0018696581196581197,0.0012872469373634197
ili륾ili,0,8,8,0.0,0.002136752136752137,0.002136752136752137
kul,0,8,8,0.0,0.002136752136752137,0.002136752136752137
eksen,8,0,8,0.004659289458357601,0.0,-0.004659289458357601
geli,0,8,8,0.0,0.002136752136752137,0.002136752136752137
ters,6,2,8,0.0034944670937682005,0.0005341880341880342,-0.002960279059580166
son,1,7,8,0.0005824111822947001,0.0018696581196581197,0.0012872469373634197
ge칞erli,0,8,8,0.0,0.002136752136752137,0.002136752136752137
s칲rekli,3,4,7,0.0017472335468841002,0.0010683760683760685,-0.0006788574785080318
sistem,2,5,7,0.0011648223645894002,0.0013354700854700855,0.00017064772088068534
ili,0,7,7,0.0,0.0018696581196581197,0.0018696581196581197
ge칞ir,0,7,7,0.0,0.0018696581196581197,0.0018696581196581197
e를tlik,1,6,7,0.0005824111822947001,0.0016025641025641025,0.0010201529202694024
da캼l캼m,0,7,7,0.0,0.0018696581196581197,0.0018696581196581197
칞arp캼m,5,2,7,0.0029120559114735,0.0005341880341880342,-0.002377867877285466
hak,2,5,7,0.0011648223645894002,0.0013354700854700855,0.00017064772088068534
koordinat,2,5,7,0.0011648223645894002,0.0013354700854700855,0.00017064772088068534
ortak,2,5,7,0.0011648223645894002,0.0013354700854700855,0.00017064772088068534
matematik,2,5,7,0.0011648223645894002,0.0013354700854700855,0.00017064772088068534
kavramsal,0,7,7,0.0,0.0018696581196581197,0.0018696581196581197
d칬n,2,5,7,0.0011648223645894002,0.0013354700854700855,0.00017064772088068534
칬zel,2,5,7,0.0011648223645894002,0.0013354700854700855,0.00017064772088068534
칞칬ze,0,7,7,0.0,0.0018696581196581197,0.0018696581196581197
alt,6,1,7,0.0034944670937682005,0.0002670940170940171,-0.0032273730766741835
ba륿a칞,2,5,7,0.0011648223645894002,0.0013354700854700855,0.00017064772088068534
aritmetik,2,5,7,0.0011648223645894002,0.0013354700854700855,0.00017064772088068534
prizma,1,6,7,0.0005824111822947001,0.0016025641025641025,0.0010201529202694024
grup,4,3,7,0.0023296447291788003,0.0008012820512820513,-0.001528362677896749
algoritmik,0,7,7,0.0,0.0018696581196581197,0.0018696581196581197
y칲ksek,3,3,6,0.0017472335468841002,0.0008012820512820513,-0.000945951495602049
e를tsiz,2,4,6,0.0011648223645894002,0.0010683760683760685,-9.644629621333167e-05
t칲ret,0,6,6,0.0,0.0016025641025641025,0.0016025641025641025
orant캼,6,0,6,0.0034944670937682005,0.0,-0.0034944670937682005
aral캼k,5,1,6,0.0029120559114735,0.0002670940170940171,-0.002644961894379483
nin,6,0,6,0.0034944670937682005,0.0,-0.0034944670937682005
merkez,6,0,6,0.0034944670937682005,0.0,-0.0034944670937682005
a칞캼kla,6,0,6,0.0034944670937682005,0.0,-0.0034944670937682005
buldur,6,0,6,0.0034944670937682005,0.0,-0.0034944670937682005
kullan캼륿캼,0,6,6,0.0,0.0016025641025641025,0.0016025641025641025
sin칲s,4,2,6,0.0023296447291788003,0.0005341880341880342,-0.001795456694990766
pergel,5,1,6,0.0029120559114735,0.0002670940170940171,-0.002644961894379483
i칞eri,2,4,6,0.0011648223645894002,0.0010683760683760685,-9.644629621333167e-05
g칬zlem,0,6,6,0.0,0.0016025641025641025,0.0016025641025641025
listele,0,6,6,0.0,0.0016025641025641025,0.0016025641025641025
kare,6,0,6,0.0034944670937682005,0.0,-0.0034944670937682005
fonk,0,6,6,0.0,0.0016025641025641025,0.0016025641025641025
asal,0,6,6,0.0,0.0016025641025641025,0.0016025641025641025
say캼s,5,1,6,0.0029120559114735,0.0002670940170940171,-0.002644961894379483
arg칲man,0,6,6,0.0,0.0016025641025641025,0.0016025641025641025
칞evre,5,1,6,0.0029120559114735,0.0002670940170940171,-0.002644961894379483
i르ret,2,4,6,0.0011648223645894002,0.0010683760683760685,-9.644629621333167e-05
yeni,0,6,6,0.0,0.0016025641025641025,0.0016025641025641025
ay캼r,4,2,6,0.0023296447291788003,0.0005341880341880342,-0.001795456694990766
analiz,1,5,6,0.0005824111822947001,0.0013354700854700855,0.0007530589031753854
silindir,0,6,6,0.0,0.0016025641025641025,0.0016025641025641025
sabit,4,2,6,0.0023296447291788003,0.0005341880341880342,-0.001795456694990766
gir,6,0,6,0.0034944670937682005,0.0,-0.0034944670937682005
칬zde,2,3,5,0.0011648223645894002,0.0008012820512820513,-0.0003635403133073489
b칲y칲k,3,2,5,0.0017472335468841002,0.0005341880341880342,-0.001213045512696066
nesne,3,2,5,0.0017472335468841002,0.0005341880341880342,-0.001213045512696066
tan캼t,4,1,5,0.0023296447291788003,0.0002670940170940171,-0.0020625507120847833
칬l칞칲,5,0,5,0.0029120559114735,0.0,-0.0029120559114735
proje,0,5,5,0.0,0.0013354700854700855,0.0013354700854700855
de를,2,3,5,0.0011648223645894002,0.0008012820512820513,-0.0003635403133073489
ko,0,5,5,0.0,0.0013354700854700855,0.0013354700854700855
kenarortay,4,1,5,0.0023296447291788003,0.0002670940170940171,-0.0020625507120847833
ayr캼k,5,0,5,0.0029120559114735,0.0,-0.0029120559114735
d캼륵칲key,1,4,5,0.0005824111822947001,0.0010683760683760685,0.0004859648860813684
geli를m,4,1,5,0.0023296447291788003,0.0002670940170940171,-0.0020625507120847833
gel,0,5,5,0.0,0.0013354700854700855,0.0013354700854700855
grafi,5,0,5,0.0029120559114735,0.0,-0.0029120559114735
s캼n캼f,0,5,5,0.0,0.0013354700854700855,0.0013354700854700855
mutlak,3,2,5,0.0017472335468841002,0.0005341880341880342,-0.001213045512696066
bekle,0,5,5,0.0,0.0013354700854700855,0.0013354700854700855
kullan캼l,3,2,5,0.0017472335468841002,0.0005341880341880342,-0.001213045512696066
plan,0,5,5,0.0,0.0013354700854700855,0.0013354700854700855
mant캼k,0,5,5,0.0,0.0013354700854700855,0.0013354700854700855
cetvel,5,0,5,0.0029120559114735,0.0,-0.0029120559114735
른ma,1,4,5,0.0005824111822947001,0.0010683760683760685,0.0004859648860813684
analitik,2,3,5,0.0011648223645894002,0.0008012820512820513,-0.0003635403133073489
칞칬z,2,3,5,0.0011648223645894002,0.0008012820512820513,-0.0003635403133073489
yol,1,4,5,0.0005824111822947001,0.0010683760683760685,0.0004859648860813684
kar캼la릆캼r,1,4,5,0.0005824111822947001,0.0010683760683760685,0.0004859648860813684
belirt,4,1,5,0.0023296447291788003,0.0002670940170940171,-0.0020625507120847833
칬zde륿ik,2,3,5,0.0011648223645894002,0.0008012820512820513,-0.0003635403133073489
taban,4,0,4,0.0023296447291788003,0.0,-0.0023296447291788003
ba캼nt캼,2,2,4,0.0011648223645894002,0.0005341880341880342,-0.0006306343304013659
k칙캼t,1,3,4,0.0005824111822947001,0.0008012820512820513,0.00021887086898735118
칞izim,4,0,4,0.0023296447291788003,0.0,-0.0023296447291788003
k칲p,2,2,4,0.0011648223645894002,0.0005341880341880342,-0.0006306343304013659
tarihsel,4,0,4,0.0023296447291788003,0.0,-0.0023296447291788003
ard캼캼k,0,4,4,0.0,0.0010683760683760685,0.0010683760683760685
meydan,0,4,4,0.0,0.0010683760683760685,0.0010683760683760685
genelleme,0,4,4,0.0,0.0010683760683760685,0.0010683760683760685
yapt캼r,3,1,4,0.0017472335468841002,0.0002670940170940171,-0.001480139529790083
geli릆ir,1,3,4,0.0005824111822947001,0.0008012820512820513,0.00021887086898735118
belli,3,1,4,0.0017472335468841002,0.0002670940170940171,-0.001480139529790083
kosin칲s,2,2,4,0.0011648223645894002,0.0005341880341880342,-0.0006306343304013659
칬rt,4,0,4,0.0023296447291788003,0.0,-0.0023296447291788003
tan캼mla,3,1,4,0.0017472335468841002,0.0002670940170940171,-0.001480139529790083
geometri,2,2,4,0.0011648223645894002,0.0005341880341880342,-0.0006306343304013659
s칲rec,3,1,4,0.0017472335468841002,0.0002670940170940171,-0.001480139529790083
ortalama,3,1,4,0.0017472335468841002,0.0002670940170940171,-0.001480139529790083
yay,2,2,4,0.0011648223645894002,0.0005341880341880342,-0.0006306343304013659
stra,0,4,4,0.0,0.0010683760683760685,0.0010683760683760685
yard캼mc캼,2,2,4,0.0011648223645894002,0.0005341880341880342,-0.0006306343304013659
칞e를t,4,0,4,0.0023296447291788003,0.0,-0.0023296447291788003
s캼ra,1,3,4,0.0005824111822947001,0.0008012820512820513,0.00021887086898735118
k칬k,3,1,4,0.0017472335468841002,0.0002670940170940171,-0.001480139529790083
tespit,0,4,4,0.0,0.0010683760683760685,0.0010683760683760685
uzakl캼k,1,3,4,0.0005824111822947001,0.0008012820512820513,0.00021887086898735118
belirsiz,1,3,4,0.0005824111822947001,0.0008012820512820513,0.00021887086898735118
hiyerar를k,2,2,4,0.0011648223645894002,0.0005341880341880342,-0.0006306343304013659
bahsed,4,0,4,0.0023296447291788003,0.0,-0.0023296447291788003
mab3,0,4,4,0.0,0.0010683760683760685,0.0010683760683760685
koni,0,4,4,0.0,0.0010683760683760685,0.0010683760683760685
a칞캼ortay,3,1,4,0.0017472335468841002,0.0002670940170940171,-0.001480139529790083
form칲l,3,1,4,0.0017472335468841002,0.0002670940170940171,-0.001480139529790083
tepe,4,0,4,0.0023296447291788003,0.0,-0.0023296447291788003
yaz캼l캼m,2,2,4,0.0011648223645894002,0.0005341880341880342,-0.0006306343304013659
yorum,0,4,4,0.0,0.0010683760683760685,0.0010683760683760685
a르캼,4,0,4,0.0023296447291788003,0.0,-0.0023296447291788003
hesaplat,4,0,4,0.0023296447291788003,0.0,-0.0023296447291788003
ger칞ekle,0,4,4,0.0,0.0010683760683760685,0.0010683760683760685
kes,3,1,4,0.0017472335468841002,0.0002670940170940171,-0.001480139529790083
uygula,2,2,4,0.0011648223645894002,0.0005341880341880342,-0.0006306343304013659
칲stel,4,0,4,0.0023296447291788003,0.0,-0.0023296447291788003
tasarla,0,4,4,0.0,0.0010683760683760685,0.0010683760683760685
olas캼l캼k,4,0,4,0.0023296447291788003,0.0,-0.0023296447291788003
katk캼,2,2,4,0.0011648223645894002,0.0005341880341880342,-0.0006306343304013659
piramit,1,3,4,0.0005824111822947001,0.0008012820512820513,0.00021887086898735118
var,2,2,4,0.0011648223645894002,0.0005341880341880342,-0.0006306343304013659
칬ren,0,4,4,0.0,0.0010683760683760685,0.0010683760683760685
daire,2,1,3,0.0011648223645894002,0.0002670940170940171,-0.000897728347495383
sa,1,2,3,0.0005824111822947001,0.0005341880341880342,-4.8223148106665836e-05
t칲r,3,0,3,0.0017472335468841002,0.0,-0.0017472335468841002
lim,0,3,3,0.0,0.0008012820512820513,0.0008012820512820513
e륾enar,3,0,3,0.0017472335468841002,0.0,-0.0017472335468841002
칬tele,2,1,3,0.0011648223645894002,0.0002670940170940171,-0.000897728347495383
yar캼,3,0,3,0.0017472335468841002,0.0,-0.0017472335468841002
d칬n칲릆칲r,0,3,3,0.0,0.0008012820512820513,0.0008012820512820513
birim,3,0,3,0.0017472335468841002,0.0,-0.0017472335468841002
y칲zey,0,3,3,0.0,0.0008012820512820513,0.0008012820512820513
model,2,1,3,0.0011648223645894002,0.0002670940170940171,-0.000897728347495383
k칬kl칲,3,0,3,0.0017472335468841002,0.0,-0.0017472335468841002
anlam,1,2,3,0.0005824111822947001,0.0005341880341880342,-4.8223148106665836e-05
i팮ncele,0,3,3,0.0,0.0008012820512820513,0.0008012820512820513
ista,0,3,3,0.0,0.0008012820512820513,0.0008012820512820513
kullan캼,0,3,3,0.0,0.0008012820512820513,0.0008012820512820513
칞eyrek,3,0,3,0.0017472335468841002,0.0,-0.0017472335468841002
muhakeme,0,3,3,0.0,0.0008012820512820513,0.0008012820512820513
를frele,0,3,3,0.0,0.0008012820512820513,0.0008012820512820513
bilim,2,1,3,0.0011648223645894002,0.0002670940170940171,-0.000897728347495383
fonksiyonel,0,3,3,0.0,0.0008012820512820513,0.0008012820512820513
ula릆캼r,0,3,3,0.0,0.0008012820512820513,0.0008012820512820513
test,3,0,3,0.0017472335468841002,0.0,-0.0017472335468841002
b칬l,1,2,3,0.0005824111822947001,0.0005341880341880342,-4.8223148106665836e-05
pisagor,1,2,3,0.0005824111822947001,0.0005341880341880342,-4.8223148106665836e-05
yan,0,3,3,0.0,0.0008012820512820513,0.0008012820512820513
se칞e,0,3,3,0.0,0.0008012820512820513,0.0008012820512820513
칬klid,0,3,3,0.0,0.0008012820512820513,0.0008012820512820513
tamkare,0,3,3,0.0,0.0008012820512820513,0.0008012820512820513
mevcut,0,3,3,0.0,0.0008012820512820513,0.0008012820512820513
kartezyen,3,0,3,0.0017472335468841002,0.0,-0.0017472335468841002
르rt,2,1,3,0.0011648223645894002,0.0002670940170940171,-0.000897728347495383
fikir,0,3,3,0.0,0.0008012820512820513,0.0008012820512820513
칞evrel,3,0,3,0.0017472335468841002,0.0,-0.0017472335468841002
tan캼,0,3,3,0.0,0.0008012820512820513,0.0008012820512820513
belir,1,2,3,0.0005824111822947001,0.0005341880341880342,-4.8223148106665836e-05
a캼rl캼k,3,0,3,0.0017472335468841002,0.0,-0.0017472335468841002
cosx,1,2,3,0.0005824111822947001,0.0005341880341880342,-4.8223148106665836e-05
form,0,3,3,0.0,0.0008012820512820513,0.0008012820512820513
matema,0,3,3,0.0,0.0008012820512820513,0.0008012820512820513
artan,0,3,3,0.0,0.0008012820512820513,0.0008012820512820513
odaklan,0,3,3,0.0,0.0008012820512820513,0.0008012820512820513
tanx,0,3,3,0.0,0.0008012820512820513,0.0008012820512820513
liste,0,3,3,0.0,0.0008012820512820513,0.0008012820512820513
b칬l칲m,1,2,3,0.0005824111822947001,0.0005341880341880342,-4.8223148106665836e-05
칞al캼릀a,0,3,3,0.0,0.0008012820512820513,0.0008012820512820513
k칲칞칲k,2,1,3,0.0011648223645894002,0.0002670940170940171,-0.000897728347495383
h칙l,0,3,3,0.0,0.0008012820512820513,0.0008012820512820513
칞캼k,1,2,3,0.0005824111822947001,0.0005341880341880342,-4.8223148106665836e-05
t칲rk,0,3,3,0.0,0.0008012820512820513,0.0008012820512820513
ge칞,2,1,3,0.0011648223645894002,0.0002670940170940171,-0.000897728347495383
p(x,1,2,3,0.0005824111822947001,0.0005341880341880342,-4.8223148106665836e-05
uzun,2,1,3,0.0011648223645894002,0.0002670940170940171,-0.000897728347495383
kullan캼m,1,2,3,0.0005824111822947001,0.0005341880341880342,-4.8223148106665836e-05
bayes,0,3,3,0.0,0.0008012820512820513,0.0008012820512820513
sinx,1,2,3,0.0005824111822947001,0.0005341880341880342,-4.8223148106665836e-05
dikkat,0,3,3,0.0,0.0008012820512820513,0.0008012820512820513
bilinmeyen li,3,0,3,0.0017472335468841002,0.0,-0.0017472335468841002
cotx,0,3,3,0.0,0.0008012820512820513,0.0008012820512820513
ana,0,3,3,0.0,0.0008012820512820513,0.0008012820512820513
tamamla,1,2,3,0.0005824111822947001,0.0005341880341880342,-4.8223148106665836e-05
vurgula,1,2,3,0.0005824111822947001,0.0005341880341880342,-4.8223148106665836e-05
칞izge,0,3,3,0.0,0.0008012820512820513,0.0008012820512820513
eser,1,2,3,0.0005824111822947001,0.0005341880341880342,-4.8223148106665836e-05
fonksi,0,3,3,0.0,0.0008012820512820513,0.0008012820512820513
ter,2,0,2,0.0011648223645894002,0.0,-0.0011648223645894002
tasarruf,1,1,2,0.0005824111822947001,0.0002670940170940171,-0.00031531716520068296
koy,1,1,2,0.0005824111822947001,0.0002670940170940171,-0.00031531716520068296
칞izdir,2,0,2,0.0011648223645894002,0.0,-0.0011648223645894002
칲lke,0,2,2,0.0,0.0005341880341880342,0.0005341880341880342
maliyet,1,1,2,0.0005824111822947001,0.0002670940170940171,-0.00031531716520068296
paralel,2,0,2,0.0011648223645894002,0.0,-0.0011648223645894002
ihtiya칞,1,1,2,0.0005824111822947001,0.0002670940170940171,-0.00031531716520068296
n칲fus,1,1,2,0.0005824111822947001,0.0002670940170940171,-0.00031531716520068296
칬l칞칲m,2,0,2,0.0011648223645894002,0.0,-0.0011648223645894002
birbiri,0,2,2,0.0,0.0005341880341880342,0.0005341880341880342
gra,1,1,2,0.0005824111822947001,0.0002670940170940171,-0.00031531716520068296
k칲lt칲r,1,1,2,0.0005824111822947001,0.0002670940170940171,-0.00031531716520068296
g칬rsel,0,2,2,0.0,0.0005341880341880342,0.0005341880341880342
d칲zenle,1,1,2,0.0005824111822947001,0.0002670940170940171,-0.00031531716520068296
nda,0,2,2,0.0,0.0005341880341880342,0.0005341880341880342
irrasyonel,1,1,2,0.0005824111822947001,0.0002670940170940171,-0.00031531716520068296
tasar캼m,0,2,2,0.0,0.0005341880341880342,0.0005341880341880342
zaman,1,1,2,0.0005824111822947001,0.0002670940170940171,-0.00031531716520068296
aral캼,0,2,2,0.0,0.0005341880341880342,0.0005341880341880342
e륿enik,2,0,2,0.0011648223645894002,0.0,-0.0011648223645894002
칬r칲n,0,2,2,0.0,0.0005341880341880342,0.0005341880341880342
tarih칥,0,2,2,0.0,0.0005341880341880342,0.0005341880341880342
fonks,0,2,2,0.0,0.0005341880341880342,0.0005341880341880342
dilim,2,0,2,0.0011648223645894002,0.0,-0.0011648223645894002
ayr캼,0,2,2,0.0,0.0005341880341880342,0.0005341880341880342
ekok,1,1,2,0.0005824111822947001,0.0002670940170940171,-0.00031531716520068296
fark캼ndal캼k,2,0,2,0.0011648223645894002,0.0,-0.0011648223645894002
y캼l,0,2,2,0.0,0.0005341880341880342,0.0005341880341880342
isten,0,2,2,0.0,0.0005341880341880342,0.0005341880341880342
칞ift,1,1,2,0.0005824111822947001,0.0002670940170940171,-0.00031531716520068296
niceleyi,0,2,2,0.0,0.0005341880341880342,0.0005341880341880342
azalan,0,2,2,0.0,0.0005341880341880342,0.0005341880341880342
k칲칞칲lt,2,0,2,0.0011648223645894002,0.0,-0.0011648223645894002
dinamik,2,0,2,0.0011648223645894002,0.0,-0.0011648223645894002
a칞캼l캼m,2,0,2,0.0011648223645894002,0.0,-0.0011648223645894002
bireyselle릆ir,0,2,2,0.0,0.0005341880341880342,0.0005341880341880342
azal,1,1,2,0.0005824111822947001,0.0002670940170940171,-0.00031531716520068296
birle를m,2,0,2,0.0011648223645894002,0.0,-0.0011648223645894002
kar캼l캼k,1,1,2,0.0005824111822947001,0.0002670940170940171,-0.00031531716520068296
faydalan,0,2,2,0.0,0.0005341880341880342,0.0005341880341880342
tart캼,0,2,2,0.0,0.0005341880341880342,0.0005341880341880342
칞칬z칲mlen,0,2,2,0.0,0.0005341880341880342,0.0005341880341880342
siyon,0,2,2,0.0,0.0005341880341880342,0.0005341880341880342
b칲y칲t,2,0,2,0.0011648223645894002,0.0,-0.0011648223645894002
sonsuz,0,2,2,0.0,0.0005341880341880342,0.0005341880341880342
칞ap,0,2,2,0.0,0.0005341880341880342,0.0005341880341880342
ince,0,2,2,0.0,0.0005341880341880342,0.0005341880341880342
y칲kseklik,1,1,2,0.0005824111822947001,0.0002670940170940171,-0.00031531716520068296
칞칬z칲l,0,2,2,0.0,0.0005341880341880342,0.0005341880341880342
ortanca,2,0,2,0.0011648223645894002,0.0,-0.0011648223645894002
indir,2,0,2,0.0011648223645894002,0.0,-0.0011648223645894002
mat,0,2,2,0.0,0.0005341880341880342,0.0005341880341880342
alt캼n,1,1,2,0.0005824111822947001,0.0002670940170940171,-0.00031531716520068296
b칬lge,2,0,2,0.0011648223645894002,0.0,-0.0011648223645894002
yaz,0,2,2,0.0,0.0005341880341880342,0.0005341880341880342
algorit,0,2,2,0.0,0.0005341880341880342,0.0005341880341880342
vurgulan,1,1,2,0.0005824111822947001,0.0002670940170940171,-0.00031531716520068296
칬nem i,0,2,2,0.0,0.0005341880341880342,0.0005341880341880342
ayr캼l,2,0,2,0.0011648223645894002,0.0,-0.0011648223645894002
getir,0,2,2,0.0,0.0005341880341880342,0.0005341880341880342
bil,0,2,2,0.0,0.0005341880341880342,0.0005341880341880342
metin,0,2,2,0.0,0.0005341880341880342,0.0005341880341880342
benzerlik,0,2,2,0.0,0.0005341880341880342,0.0005341880341880342
yapabil,0,2,2,0.0,0.0005341880341880342,0.0005341880341880342
hedefle,0,2,2,0.0,0.0005341880341880342,0.0005341880341880342
sonsuz ki,0,2,2,0.0,0.0005341880341880342,0.0005341880341880342
ba륿a,0,2,2,0.0,0.0005341880341880342,0.0005341880341880342
를fre li,0,2,2,0.0,0.0005341880341880342,0.0005341880341880342
ger칞ekle릆ir,0,2,2,0.0,0.0005341880341880342,0.0005341880341880342
insan,1,1,2,0.0005824111822947001,0.0002670940170940171,-0.00031531716520068296
nicelik,0,2,2,0.0,0.0005341880341880342,0.0005341880341880342
i팮kizkenar,2,0,2,0.0011648223645894002,0.0,-0.0011648223645894002
periyodik,2,0,2,0.0011648223645894002,0.0,-0.0011648223645894002
olu릆urul,2,0,2,0.0011648223645894002,0.0,-0.0011648223645894002
niceleyici,0,2,2,0.0,0.0005341880341880342,0.0005341880341880342
칬rten,1,1,2,0.0005824111822947001,0.0002670940170940171,-0.00031531716520068296
olabil,0,2,2,0.0,0.0005341880341880342,0.0005341880341880342
kesi,2,0,2,0.0011648223645894002,0.0,-0.0011648223645894002
toplumsal,1,1,2,0.0005824111822947001,0.0002670940170940171,-0.00031531716520068296
lira,0,2,2,0.0,0.0005341880341880342,0.0005341880341880342
say캼sal,1,1,2,0.0005824111822947001,0.0002670940170940171,-0.00031531716520068296
de른rlendiril,0,2,2,0.0,0.0005341880341880342,0.0005341880341880342
ebob,1,1,2,0.0005824111822947001,0.0002670940170940171,-0.00031531716520068296
mab5,0,2,2,0.0,0.0005341880341880342,0.0005341880341880342
rol,1,1,2,0.0005824111822947001,0.0002670940170940171,-0.00031531716520068296
kat,0,2,2,0.0,0.0005341880341880342,0.0005341880341880342
kesi를m,2,0,2,0.0011648223645894002,0.0,-0.0011648223645894002
yakla,1,1,2,0.0005824111822947001,0.0002670940170940171,-0.00031531716520068296
洧냤洧냤(洧녵洧녵,2,0,2,0.0011648223645894002,0.0,-0.0011648223645894002
d칲zlem,2,0,2,0.0011648223645894002,0.0,-0.0011648223645894002
ikili,2,0,2,0.0011648223645894002,0.0,-0.0011648223645894002
kald캼r,1,1,2,0.0005824111822947001,0.0002670940170940171,-0.00031531716520068296
cisim,0,2,2,0.0,0.0005341880341880342,0.0005341880341880342
kar캼t,2,0,2,0.0011648223645894002,0.0,-0.0011648223645894002
yakla캼m,0,2,2,0.0,0.0005341880341880342,0.0005341880341880342
a르ma,2,0,2,0.0011648223645894002,0.0,-0.0011648223645894002
칞캼k캼l,1,1,2,0.0005824111822947001,0.0002670940170940171,-0.00031531716520068296
deneyim,0,2,2,0.0,0.0005341880341880342,0.0005341880341880342
uyarla,0,2,2,0.0,0.0005341880341880342,0.0005341880341880342
tutarl캼,0,2,2,0.0,0.0005341880341880342,0.0005341880341880342
t칲mle,2,0,2,0.0011648223645894002,0.0,-0.0011648223645894002
b칬len,0,2,2,0.0,0.0005341880341880342,0.0005341880341880342
칬l칞칲t,0,2,2,0.0,0.0005341880341880342,0.0005341880341880342
bi칞iim,2,0,2,0.0011648223645894002,0.0,-0.0011648223645894002
sembolik,0,2,2,0.0,0.0005341880341880342,0.0005341880341880342
e륿ik,2,0,2,0.0011648223645894002,0.0,-0.0011648223645894002
tales,0,2,2,0.0,0.0005341880341880342,0.0005341880341880342
mimari,1,1,2,0.0005824111822947001,0.0002670940170940171,-0.00031531716520068296
sembol,2,0,2,0.0011648223645894002,0.0,-0.0011648223645894002
modelle,0,2,2,0.0,0.0005341880341880342,0.0005341880341880342
fizik,1,1,2,0.0005824111822947001,0.0002670940170940171,-0.00031531716520068296
칲st,1,1,2,0.0005824111822947001,0.0002670940170940171,-0.00031531716520068296
yak캼n,0,2,2,0.0,0.0005341880341880342,0.0005341880341880342
yakla캼k,1,1,2,0.0005824111822947001,0.0002670940170940171,-0.00031531716520068296
binom,2,0,2,0.0011648223645894002,0.0,-0.0011648223645894002
kabul,0,2,2,0.0,0.0005341880341880342,0.0005341880341880342
d칬n칲,0,2,2,0.0,0.0005341880341880342,0.0005341880341880342
f(y,0,2,2,0.0,0.0005341880341880342,0.0005341880341880342
hipoten칲s,2,0,2,0.0011648223645894002,0.0,-0.0011648223645894002
karma캼k,1,1,2,0.0005824111822947001,0.0002670940170940171,-0.00031531716520068296
yatay,1,1,2,0.0005824111822947001,0.0002670940170940171,-0.00031531716520068296
i팮ki,2,0,2,0.0011648223645894002,0.0,-0.0011648223645894002
fog,0,2,2,0.0,0.0005341880341880342,0.0005341880341880342
kal,2,0,2,0.0011648223645894002,0.0,-0.0011648223645894002
a르칞,1,1,2,0.0005824111822947001,0.0002670940170940171,-0.00031531716520068296
tek,0,2,2,0.0,0.0005341880341880342,0.0005341880341880342
integral,2,0,2,0.0011648223645894002,0.0,-0.0011648223645894002
g칬zlemle,0,2,2,0.0,0.0005341880341880342,0.0005341880341880342
d칲zg칲n,1,1,2,0.0005824111822947001,0.0002670940170940171,-0.00031531716520068296
s캼n캼rland캼r,2,0,2,0.0011648223645894002,0.0,-0.0011648223645894002
칬nce,0,2,2,0.0,0.0005341880341880342,0.0005341880341880342
hesap,1,1,2,0.0005824111822947001,0.0002670940170940171,-0.00031531716520068296
radyoaktif,1,0,1,0.0005824111822947001,0.0,-0.0005824111822947001
칞칬z칲mle,0,1,1,0.0,0.0002670940170940171,0.0002670940170940171
dizili,1,0,1,0.0005824111822947001,0.0,-0.0005824111822947001
tanjant,1,0,1,0.0005824111822947001,0.0,-0.0005824111822947001
akran,0,1,1,0.0,0.0002670940170940171,0.0002670940170940171
d칬ng칲,0,1,1,0.0,0.0002670940170940171,0.0002670940170940171
madde,1,0,1,0.0005824111822947001,0.0,-0.0005824111822947001
칬rne,0,1,1,0.0,0.0002670940170940171,0.0002670940170940171
kesik,1,0,1,0.0005824111822947001,0.0,-0.0005824111822947001
y칲z,1,0,1,0.0005824111822947001,0.0,-0.0005824111822947001
belirsizlik,0,1,1,0.0,0.0002670940170940171,0.0002670940170940171
poster,0,1,1,0.0,0.0002670940170940171,0.0002670940170940171
john,1,0,1,0.0005824111822947001,0.0,-0.0005824111822947001
bak캼m,0,1,1,0.0,0.0002670940170940171,0.0002670940170940171
harita,0,1,1,0.0,0.0002670940170940171,0.0002670940170940171
yasa,0,1,1,0.0,0.0002670940170940171,0.0002670940170940171
칲ret,0,1,1,0.0,0.0002670940170940171,0.0002670940170940171
karar,0,1,1,0.0,0.0002670940170940171,0.0002670940170940171
칬nem,0,1,1,0.0,0.0002670940170940171,0.0002670940170940171
negatif,1,0,1,0.0005824111822947001,0.0,-0.0005824111822947001
kullanabil,0,1,1,0.0,0.0002670940170940171,0.0002670940170940171
verebil,0,1,1,0.0,0.0002670940170940171,0.0002670940170940171
kar캼la캼lab,0,1,1,0.0,0.0002670940170940171,0.0002670940170940171
yamuk,1,0,1,0.0005824111822947001,0.0,-0.0005824111822947001
euclid,1,0,1,0.0005824111822947001,0.0,-0.0005824111822947001
f'(x,0,1,1,0.0,0.0002670940170940171,0.0002670940170940171
haz캼r,0,1,1,0.0,0.0002670940170940171,0.0002670940170940171
i팮smail,1,0,1,0.0005824111822947001,0.0,-0.0005824111822947001
de를릆ir,1,0,1,0.0005824111822947001,0.0,-0.0005824111822947001
deneme,0,1,1,0.0,0.0002670940170940171,0.0002670940170940171
al캼,0,1,1,0.0,0.0002670940170940171,0.0002670940170940171
hakk,0,1,1,0.0,0.0002670940170940171,0.0002670940170940171
칞칬z칲mley,0,1,1,0.0,0.0002670940170940171,0.0002670940170940171
yapa,0,1,1,0.0,0.0002670940170940171,0.0002670940170940171
asimptot,0,1,1,0.0,0.0002670940170940171,0.0002670940170940171
칞칲r칲t,0,1,1,0.0,0.0002670940170940171,0.0002670940170940171
i칞erik,0,1,1,0.0,0.0002670940170940171,0.0002670940170940171
1700,0,1,1,0.0,0.0002670940170940171,0.0002670940170940171
hile,0,1,1,0.0,0.0002670940170940171,0.0002670940170940171
duyarl캼,1,0,1,0.0005824111822947001,0.0,-0.0005824111822947001
orij,1,0,1,0.0005824111822947001,0.0,-0.0005824111822947001
se칞il,0,1,1,0.0,0.0002670940170940171,0.0002670940170940171
ke륹et,0,1,1,0.0,0.0002670940170940171,0.0002670940170940171
t칲ketim,0,1,1,0.0,0.0002670940170940171,0.0002670940170940171
kombinasyon,1,0,1,0.0005824111822947001,0.0,-0.0005824111822947001
ba륿ang캼칞,0,1,1,0.0,0.0002670940170940171,0.0002670940170940171
칞ar,0,1,1,0.0,0.0002670940170940171,0.0002670940170940171
yon,0,1,1,0.0,0.0002670940170940171,0.0002670940170940171
paralelkenar,1,0,1,0.0005824111822947001,0.0,-0.0005824111822947001
davran,0,1,1,0.0,0.0002670940170940171,0.0002670940170940171
i팮칞b칲key,1,0,1,0.0005824111822947001,0.0,-0.0005824111822947001
pythagoras,1,0,1,0.0005824111822947001,0.0,-0.0005824111822947001
deltoid,1,0,1,0.0005824111822947001,0.0,-0.0005824111822947001
t칲revlenebilir,0,1,1,0.0,0.0002670940170940171,0.0002670940170940171
kullan캼륿캼 li,0,1,1,0.0,0.0002670940170940171,0.0002670940170940171
sat캼c캼,0,1,1,0.0,0.0002670940170940171,0.0002670940170940171
를fre,0,1,1,0.0,0.0002670940170940171,0.0002670940170940171
payla,0,1,1,0.0,0.0002670940170940171,0.0002670940170940171
bakteri,1,0,1,0.0005824111822947001,0.0,-0.0005824111822947001
ileri,0,1,1,0.0,0.0002670940170940171,0.0002670940170940171
gof)(x,0,1,1,0.0,0.0002670940170940171,0.0002670940170940171
dikkate,0,1,1,0.0,0.0002670940170940171,0.0002670940170940171
kullana,0,1,1,0.0,0.0002670940170940171,0.0002670940170940171
haz캼rl캼k,0,1,1,0.0,0.0002670940170940171,0.0002670940170940171
ay캼rt,0,1,1,0.0,0.0002670940170940171,0.0002670940170940171
360,0,1,1,0.0,0.0002670940170940171,0.0002670940170940171
tahmin,0,1,1,0.0,0.0002670940170940171,0.0002670940170940171
hata,0,1,1,0.0,0.0002670940170940171,0.0002670940170940171
h(x))2,0,1,1,0.0,0.0002670940170940171,0.0002670940170940171
efendi,1,0,1,0.0005824111822947001,0.0,-0.0005824111822947001
yet,1,0,1,0.0005824111822947001,0.0,-0.0005824111822947001
b칬l칲n,1,0,1,0.0005824111822947001,0.0,-0.0005824111822947001
dikd칬rtgen,1,0,1,0.0005824111822947001,0.0,-0.0005824111822947001
yaz캼l,0,1,1,0.0,0.0002670940170940171,0.0002670940170940171
e를tsizli,0,1,1,0.0,0.0002670940170940171,0.0002670940170940171
edilir,1,0,1,0.0005824111822947001,0.0,-0.0005824111822947001
ebu,1,0,1,0.0005824111822947001,0.0,-0.0005824111822947001
d칲칲,0,1,1,0.0,0.0002670940170940171,0.0002670940170940171
ob3,0,1,1,0.0,0.0002670940170940171,0.0002670940170940171
kulla,0,1,1,0.0,0.0002670940170940171,0.0002670940170940171
paralelkenar캼n,0,1,1,0.0,0.0002670940170940171,0.0002670940170940171
1(x,0,1,1,0.0,0.0002670940170940171,0.0002670940170940171
sa륿ana,0,1,1,0.0,0.0002670940170940171,0.0002670940170940171
fe릀a,0,1,1,0.0,0.0002670940170940171,0.0002670940170940171
kuvvet,1,0,1,0.0005824111822947001,0.0,-0.0005824111822947001
alt캼gen,1,0,1,0.0005824111822947001,0.0,-0.0005824111822947001
y칬net,0,1,1,0.0,0.0002670940170940171,0.0002670940170940171
dakika,1,0,1,0.0005824111822947001,0.0,-0.0005824111822947001
ad캼m,0,1,1,0.0,0.0002670940170940171,0.0002670940170940171
pascal,1,0,1,0.0005824111822947001,0.0,-0.0005824111822947001
zeki,1,0,1,0.0005824111822947001,0.0,-0.0005824111822947001
bul,0,1,1,0.0,0.0002670940170940171,0.0002670940170940171
cem를d,1,0,1,0.0005824111822947001,0.0,-0.0005824111822947001
korelasyon,0,1,1,0.0,0.0002670940170940171,0.0002670940170940171
an(ii),0,1,1,0.0,0.0002670940170940171,0.0002670940170940171
e를lim,0,1,1,0.0,0.0002670940170940171,0.0002670940170940171
arka,0,1,1,0.0,0.0002670940170940171,0.0002670940170940171
kullan캼r,0,1,1,0.0,0.0002670940170940171,0.0002670940170940171
s캼kl캼k,0,1,1,0.0,0.0002670940170940171,0.0002670940170940171
yap캼l,0,1,1,0.0,0.0002670940170940171,0.0002670940170940171
ba캼m,0,1,1,0.0,0.0002670940170940171,0.0002670940170940171
art캼,1,0,1,0.0005824111822947001,0.0,-0.0005824111822947001
etkin,0,1,1,0.0,0.0002670940170940171,0.0002670940170940171
dorus,1,0,1,0.0005824111822947001,0.0,-0.0005824111822947001
kind칥,1,0,1,0.0005824111822947001,0.0,-0.0005824111822947001
|ab|,0,1,1,0.0,0.0002670940170940171,0.0002670940170940171
kesin,0,1,1,0.0,0.0002670940170940171,0.0002670940170940171
d칲칲m,0,1,1,0.0,0.0002670940170940171,0.0002670940170940171
a칞캼klan,0,1,1,0.0,0.0002670940170940171,0.0002670940170940171
adland캼r,0,1,1,0.0,0.0002670940170940171,0.0002670940170940171
mate,0,1,1,0.0,0.0002670940170940171,0.0002670940170940171
elektronik,1,0,1,0.0005824111822947001,0.0,-0.0005824111822947001
kapal캼,1,0,1,0.0005824111822947001,0.0,-0.0005824111822947001
denk,1,0,1,0.0005824111822947001,0.0,-0.0005824111822947001
ob2,0,1,1,0.0,0.0002670940170940171,0.0002670940170940171
i팮bn,1,0,1,0.0005824111822947001,0.0,-0.0005824111822947001
ula,0,1,1,0.0,0.0002670940170940171,0.0002670940170940171
serbest,0,1,1,0.0,0.0002670940170940171,0.0002670940170940171
yararlan캼la,0,1,1,0.0,0.0002670940170940171,0.0002670940170940171
kaynak,0,1,1,0.0,0.0002670940170940171,0.0002670940170940171
melez,0,1,1,0.0,0.0002670940170940171,0.0002670940170940171
d칙hil,0,1,1,0.0,0.0002670940170940171,0.0002670940170940171
i칞eren,0,1,1,0.0,0.0002670940170940171,0.0002670940170940171
칞arp,1,0,1,0.0005824111822947001,0.0,-0.0005824111822947001
aile,0,1,1,0.0,0.0002670940170940171,0.0002670940170940171
kalan,0,1,1,0.0,0.0002670940170940171,0.0002670940170940171
veril,0,1,1,0.0,0.0002670940170940171,0.0002670940170940171
formel,0,1,1,0.0,0.0002670940170940171,0.0002670940170940171
ba캼ml캼,0,1,1,0.0,0.0002670940170940171,0.0002670940170940171
kosekant,1,0,1,0.0005824111822947001,0.0,-0.0005824111822947001
kutu,1,0,1,0.0005824111822947001,0.0,-0.0005824111822947001
h캼z,1,0,1,0.0005824111822947001,0.0,-0.0005824111822947001
saniye,1,0,1,0.0005824111822947001,0.0,-0.0005824111822947001
ob5,0,1,1,0.0,0.0002670940170940171,0.0002670940170940171
kod,0,1,1,0.0,0.0002670940170940171,0.0002670940170940171
simetrik,0,1,1,0.0,0.0002670940170940171,0.0002670940170940171
de를른bilirlik,0,1,1,0.0,0.0002670940170940171,0.0002670940170940171
fog)(x,0,1,1,0.0,0.0002670940170940171,0.0002670940170940171
rolle,1,0,1,0.0005824111822947001,0.0,-0.0005824111822947001
g칬r칲,0,1,1,0.0,0.0002670940170940171,0.0002670940170940171
ivme,0,1,1,0.0,0.0002670940170940171,0.0002670940170940171
tutum,1,0,1,0.0005824111822947001,0.0,-0.0005824111822947001
logarit,1,0,1,0.0005824111822947001,0.0,-0.0005824111822947001
al캼륾an,1,0,1,0.0005824111822947001,0.0,-0.0005824111822947001
yo릇nluk,0,1,1,0.0,0.0002670940170940171,0.0002670940170940171
ara칞 i,0,1,1,0.0,0.0002670940170940171,0.0002670940170940171
yarg캼,0,1,1,0.0,0.0002670940170940171,0.0002670940170940171
i칞er i,0,1,1,0.0,0.0002670940170940171,0.0002670940170940171
be륺en,0,1,1,0.0,0.0002670940170940171,0.0002670940170940171
pay,1,0,1,0.0005824111822947001,0.0,-0.0005824111822947001
keyf칥,0,1,1,0.0,0.0002670940170940171,0.0002670940170940171
rine,0,1,1,0.0,0.0002670940170940171,0.0002670940170940171
g칬rselle릆ir,0,1,1,0.0,0.0002670940170940171,0.0002670940170940171
pop칲lasyon,1,0,1,0.0005824111822947001,0.0,-0.0005824111822947001
d칲zg칲,0,1,1,0.0,0.0002670940170940171,0.0002670940170940171
okuryazar,0,1,1,0.0,0.0002670940170940171,0.0002670940170940171
san캼,0,1,1,0.0,0.0002670940170940171,0.0002670940170940171
medeniyeti,1,0,1,0.0005824111822947001,0.0,-0.0005824111822947001
gezgin,0,1,1,0.0,0.0002670940170940171,0.0002670940170940171
yanl캼,0,1,1,0.0,0.0002670940170940171,0.0002670940170940171
g칬s,0,1,1,0.0,0.0002670940170940171,0.0002670940170940171
karl,0,1,1,0.0,0.0002670940170940171,0.0002670940170940171
4x2,0,1,1,0.0,0.0002670940170940171,0.0002670940170940171
칲retim,0,1,1,0.0,0.0002670940170940171,0.0002670940170940171
i칞b칲key,1,0,1,0.0005824111822947001,0.0,-0.0005824111822947001
ard캼ndan,0,1,1,0.0,0.0002670940170940171,0.0002670940170940171
g칬r칲nt칲s,0,1,1,0.0,0.0002670940170940171,0.0002670940170940171
ob4,0,1,1,0.0,0.0002670940170940171,0.0002670940170940171
saye,0,1,1,0.0,0.0002670940170940171,0.0002670940170940171
1)(x,0,1,1,0.0,0.0002670940170940171,0.0002670940170940171
g캼yaseddin,1,0,1,0.0005824111822947001,0.0,-0.0005824111822947001
kodlama,0,1,1,0.0,0.0002670940170940171,0.0002670940170940171
tasnif,0,1,1,0.0,0.0002670940170940171,0.0002670940170940171
f캼rsat,0,1,1,0.0,0.0002670940170940171,0.0002670940170940171
sunum,0,1,1,0.0,0.0002670940170940171,0.0002670940170940171
t칲retil,0,1,1,0.0,0.0002670940170940171,0.0002670940170940171
ele릆irel,0,1,1,0.0,0.0002670940170940171,0.0002670940170940171
tur,0,1,1,0.0,0.0002670940170940171,0.0002670940170940171
kur,1,0,1,0.0005824111822947001,0.0,-0.0005824111822947001
sekant,1,0,1,0.0005824111822947001,0.0,-0.0005824111822947001
b칲key,1,0,1,0.0005824111822947001,0.0,-0.0005824111822947001
fermat,0,1,1,0.0,0.0002670940170940171,0.0002670940170940171
bozunum,1,0,1,0.0005824111822947001,0.0,-0.0005824111822947001
yans캼,0,1,1,0.0,0.0002670940170940171,0.0002670940170940171
deney,1,0,1,0.0005824111822947001,0.0,-0.0005824111822947001
ba캼ms캼z,1,0,1,0.0005824111822947001,0.0,-0.0005824111822947001
yar캼칞ap,1,0,1,0.0005824111822947001,0.0,-0.0005824111822947001
gelir,0,1,1,0.0,0.0002670940170940171,0.0002670940170940171
tekrar,0,1,1,0.0,0.0002670940170940171,0.0002670940170940171
kesen,0,1,1,0.0,0.0002670940170940171,0.0002670940170940171
birlik,0,1,1,0.0,0.0002670940170940171,0.0002670940170940171
do르,1,0,1,0.0005824111822947001,0.0,-0.0005824111822947001
vefa,1,0,1,0.0005824111822947001,0.0,-0.0005824111822947001
yap캼m,0,1,1,0.0,0.0002670940170940171,0.0002670940170940171
nokta ki,1,0,1,0.0005824111822947001,0.0,-0.0005824111822947001
|ax,0,1,1,0.0,0.0002670940170940171,0.0002670940170940171
bilinc,1,0,1,0.0005824111822947001,0.0,-0.0005824111822947001
tab,0,1,1,0.0,0.0002670940170940171,0.0002670940170940171
uzay,1,0,1,0.0005824111822947001,0.0,-0.0005824111822947001
칬l칞ek,1,0,1,0.0005824111822947001,0.0,-0.0005824111822947001
laplace,1,0,1,0.0005824111822947001,0.0,-0.0005824111822947001
ilke,1,0,1,0.0005824111822947001,0.0,-0.0005824111822947001
kotanjant,1,0,1,0.0005824111822947001,0.0,-0.0005824111822947001
s캼ra li,1,0,1,0.0005824111822947001,0.0,-0.0005824111822947001
birle,1,0,1,0.0005824111822947001,0.0,-0.0005824111822947001
kuram,0,1,1,0.0,0.0002670940170940171,0.0002670940170940171
oku,1,0,1,0.0005824111822947001,0.0,-0.0005824111822947001
g칲칞,0,1,1,0.0,0.0002670940170940171,0.0002670940170940171
rehber,0,1,1,0.0,0.0002670940170940171,0.0002670940170940171
pro,0,1,1,0.0,0.0002670940170940171,0.0002670940170940171
etki,1,0,1,0.0005824111822947001,0.0,-0.0005824111822947001
gid,1,0,1,0.0005824111822947001,0.0,-0.0005824111822947001
haz캼rla,0,1,1,0.0,0.0002670940170940171,0.0002670940170940171
ax2,1,0,1,0.0005824111822947001,0.0,-0.0005824111822947001
salih,1,0,1,0.0005824111822947001,0.0,-0.0005824111822947001
g칲c,0,1,1,0.0,0.0002670940170940171,0.0002670940170940171
s칲rek,1,0,1,0.0005824111822947001,0.0,-0.0005824111822947001
yorumlat,1,0,1,0.0005824111822947001,0.0,-0.0005824111822947001
sol,1,0,1,0.0005824111822947001,0.0,-0.0005824111822947001
1of,0,1,1,0.0,0.0002670940170940171,0.0002670940170940171
esas,1,0,1,0.0005824111822947001,0.0,-0.0005824111822947001
2)2,0,1,1,0.0,0.0002670940170940171,0.0002670940170940171
dijital,0,1,1,0.0,0.0002670940170940171,0.0002670940170940171
bezelye,0,1,1,0.0,0.0002670940170940171,0.0002670940170940171
18x,0,1,1,0.0,0.0002670940170940171,0.0002670940170940171
te른ti,1,0,1,0.0005824111822947001,0.0,-0.0005824111822947001
bilimsel,0,1,1,0.0,0.0002670940170940171,0.0002670940170940171
s칙bit,1,0,1,0.0005824111822947001,0.0,-0.0005824111822947001
ger,0,1,1,0.0,0.0002670940170940171,0.0002670940170940171
t칲revlen,0,1,1,0.0,0.0002670940170940171,0.0002670940170940171
b칬l칲nebil,0,1,1,0.0,0.0002670940170940171,0.0002670940170940171
in르,0,1,1,0.0,0.0002670940170940171,0.0002670940170940171
sor,0,1,1,0.0,0.0002670940170940171,0.0002670940170940171
i르re,0,1,1,0.0,0.0002670940170940171,0.0002670940170940171
180,1,0,1,0.0005824111822947001,0.0,-0.0005824111822947001
칬l칞칲s,1,0,1,0.0005824111822947001,0.0,-0.0005824111822947001
eksik,0,1,1,0.0,0.0002670940170940171,0.0002670940170940171
gelin,0,1,1,0.0,0.0002670940170940171,0.0002670940170940171
enigma,0,1,1,0.0,0.0002670940170940171,0.0002670940170940171
destekle,0,1,1,0.0,0.0002670940170940171,0.0002670940170940171
yal캼n,0,1,1,0.0,0.0002670940170940171,0.0002670940170940171
h(x,0,1,1,0.0,0.0002670940170940171,0.0002670940170940171
napier,1,0,1,0.0005824111822947001,0.0,-0.0005824111822947001
ge칞en,0,1,1,0.0,0.0002670940170940171,0.0002670940170940171
archimedes,1,0,1,0.0005824111822947001,0.0,-0.0005824111822947001
etkiley,0,1,1,0.0,0.0002670940170940171,0.0002670940170940171
fof)(x,0,1,1,0.0,0.0002670940170940171,0.0002670940170940171
katla,0,1,1,0.0,0.0002670940170940171,0.0002670940170940171
haftal캼k,0,1,1,0.0,0.0002670940170940171,0.0002670940170940171
se칞im,1,0,1,0.0005824111822947001,0.0,-0.0005824111822947001
a칞캼orta,0,1,1,0.0,0.0002670940170940171,0.0002670940170940171
s칬z,1,0,1,0.0005824111822947001,0.0,-0.0005824111822947001
ekonomi,0,1,1,0.0,0.0002670940170940171,0.0002670940170940171
kesen(i),1,0,1,0.0005824111822947001,0.0,-0.0005824111822947001
12.,0,1,1,0.0,0.0002670940170940171,0.0002670940170940171
k캼sa,0,1,1,0.0,0.0002670940170940171,0.0002670940170940171
istenen,0,1,1,0.0,0.0002670940170940171,0.0002670940170940171
d19,0,1,1,0.0,0.0002670940170940171,0.0002670940170940171
fonksiyo,0,1,1,0.0,0.0002670940170940171,0.0002670940170940171
payda,1,0,1,0.0005824111822947001,0.0,-0.0005824111822947001
t칲re,0,1,1,0.0,0.0002670940170940171,0.0002670940170940171
yat,0,1,1,0.0,0.0002670940170940171,0.0002670940170940171
istatis,0,1,1,0.0,0.0002670940170940171,0.0002670940170940171
newton,0,1,1,0.0,0.0002670940170940171,0.0002670940170940171
belirlen,0,1,1,0.0,0.0002670940170940171,0.0002670940170940171
art,1,0,1,0.0005824111822947001,0.0,-0.0005824111822947001
origami,1,0,1,0.0005824111822947001,0.0,-0.0005824111822947001
ara,0,1,1,0.0,0.0002670940170940171,0.0002670940170940171
ba륾atsay캼,0,1,1,0.0,0.0002670940170940171,0.0002670940170940171
sonuc,0,1,1,0.0,0.0002670940170940171,0.0002670940170940171
hacim,0,1,1,0.0,0.0002670940170940171,0.0002670940170940171
tercih,0,1,1,0.0,0.0002670940170940171,0.0002670940170940171
dir,0,1,1,0.0,0.0002670940170940171,0.0002670940170940171
102,0,1,1,0.0,0.0002670940170940171,0.0002670940170940171
mesafe,1,0,1,0.0005824111822947001,0.0,-0.0005824111822947001
칲ze,0,1,1,0.0,0.0002670940170940171,0.0002670940170940171
cebr,0,1,1,0.0,0.0002670940170940171,0.0002670940170940171
serp,1,0,1,0.0005824111822947001,0.0,-0.0005824111822947001
grub,1,0,1,0.0005824111822947001,0.0,-0.0005824111822947001
program,0,1,1,0.0,0.0002670940170940171,0.0002670940170940171
kar캼,1,0,1,0.0005824111822947001,0.0,-0.0005824111822947001
fo(goh))(x,0,1,1,0.0,0.0002670940170940171,0.0002670940170940171
p(a,1,0,1,0.0005824111822947001,0.0,-0.0005824111822947001
teo,0,1,1,0.0,0.0002670940170940171,0.0002670940170940171
d칲z,0,1,1,0.0,0.0002670940170940171,0.0002670940170940171
asall캼k,0,1,1,0.0,0.0002670940170940171,0.0002670940170940171
cism,0,1,1,0.0,0.0002670940170940171,0.0002670940170940171
cantor,1,0,1,0.0005824111822947001,0.0,-0.0005824111822947001
beraber,0,1,1,0.0,0.0002670940170940171,0.0002670940170940171
칞izelge,1,0,1,0.0005824111822947001,0.0,-0.0005824111822947001
histogram,1,0,1,0.0005824111822947001,0.0,-0.0005824111822947001
tane,1,0,1,0.0005824111822947001,0.0,-0.0005824111822947001
nitelik,0,1,1,0.0,0.0002670940170940171,0.0002670940170940171
dikme,0,1,1,0.0,0.0002670940170940171,0.0002670940170940171
칬l칞칲 s칲z,0,1,1,0.0,0.0002670940170940171,0.0002670940170940171
sembolizm,0,1,1,0.0,0.0002670940170940171,0.0002670940170940171
de를를k,1,0,1,0.0005824111822947001,0.0,-0.0005824111822947001
s캼n캼r li,1,0,1,0.0005824111822947001,0.0,-0.0005824111822947001
zay캼f,0,1,1,0.0,0.0002670940170940171,0.0002670940170940171
israf,1,0,1,0.0005824111822947001,0.0,-0.0005824111822947001
alan ki,0,1,1,0.0,0.0002670940170940171,0.0002670940170940171
logaritmik,1,0,1,0.0005824111822947001,0.0,-0.0005824111822947001
pozitif,1,0,1,0.0005824111822947001,0.0,-0.0005824111822947001
mes,0,1,1,0.0,0.0002670940170940171,0.0002670940170940171
parantez,1,0,1,0.0005824111822947001,0.0,-0.0005824111822947001
ikiz,0,1,1,0.0,0.0002670940170940171,0.0002670940170940171
kont,0,1,1,0.0,0.0002670940170940171,0.0002670940170940171
set,0,1,1,0.0,0.0002670940170940171,0.0002670940170940171
ortam,0,1,1,0.0,0.0002670940170940171,0.0002670940170940171
kol,1,0,1,0.0005824111822947001,0.0,-0.0005824111822947001
ders,0,1,1,0.0,0.0002670940170940171,0.0002670940170940171
kar캼l캼k li,1,0,1,0.0005824111822947001,0.0,-0.0005824111822947001
y칬nlendir,0,1,1,0.0,0.0002670940170940171,0.0002670940170940171
gelenbevi,1,0,1,0.0005824111822947001,0.0,-0.0005824111822947001
g칲nl칲k,0,1,1,0.0,0.0002670940170940171,0.0002670940170940171
duyul,1,0,1,0.0005824111822947001,0.0,-0.0005824111822947001
tip,1,0,1,0.0005824111822947001,0.0,-0.0005824111822947001
d16,0,1,1,0.0,0.0002670940170940171,0.0002670940170940171
cauchy,1,0,1,0.0005824111822947001,0.0,-0.0005824111822947001
k칲re,0,1,1,0.0,0.0002670940170940171,0.0002670940170940171
yineleme,0,1,1,0.0,0.0002670940170940171,0.0002670940170940171
parabol,1,0,1,0.0005824111822947001,0.0,-0.0005824111822947001
g칬r칲n,0,1,1,0.0,0.0002670940170940171,0.0002670940170940171
elekt,0,1,1,0.0,0.0002670940170940171,0.0002670940170940171
duy,0,1,1,0.0,0.0002670940170940171,0.0002670940170940171
ilk,1,0,1,0.0005824111822947001,0.0,-0.0005824111822947001
tangram,1,0,1,0.0005824111822947001,0.0,-0.0005824111822947001
yat캼r캼m,0,1,1,0.0,0.0002670940170940171,0.0002670940170940171
radyan,1,0,1,0.0005824111822947001,0.0,-0.0005824111822947001
iteratif,0,1,1,0.0,0.0002670940170940171,0.0002670940170940171
k칬pr칲,0,1,1,0.0,0.0002670940170940171,0.0002670940170940171
de를n,0,1,1,0.0,0.0002670940170940171,0.0002670940170940171
gerek칞elendir,0,1,1,0.0,0.0002670940170940171,0.0002670940170940171
harezm칥,1,0,1,0.0005824111822947001,0.0,-0.0005824111822947001
avantaj,0,1,1,0.0,0.0002670940170940171,0.0002670940170940171
buru릇k,0,1,1,0.0,0.0002670940170940171,0.0002670940170940171
rutin,1,0,1,0.0005824111822947001,0.0,-0.0005824111822947001
칞칬z칲im,0,1,1,0.0,0.0002670940170940171,0.0002670940170940171
